"fishWYIDs","tagging.date","release.location","sex","fishlength","length.type","life.stage","detect.length","wateryear","studyID","wyclass","tagging.year","tag_age","age_est","age_group","fishID","n_wy","release.region"
"WST00002_2014",2011-04-12,"Fremont Weir","F",1535.6,"TL","Immat.","300","2014","WS-UCD-MT-Rescue-2011","C",2011,16,19,"Above Slot","WST00002",1,"SR"
"WST00003_2013",2011-04-12,"Fremont Weir","M",1391.45,"TL","Mature","337","2013","WS-UCD-MT-Rescue-2011","D",2011,14,16,"Above Slot","WST00003",2,"SR"
"WST00003_2014",2011-04-12,"Fremont Weir","M",1391.45,"TL","Mature","346","2014","WS-UCD-MT-Rescue-2011","C",2011,14,17,"Above Slot","WST00003",2,"SR"
"WST00006_2012",2011-04-14,"Tisdale Bypass","M",1437.95,"TL","immature","336","2012","WS-UCD-MT-Rescue-2011","BN",2011,15,16,"Above Slot","WST00006",5,"SR"
"WST00006_2013",2011-04-14,"Tisdale Bypass","M",1437.95,"TL","immature","348","2013","WS-UCD-MT-Rescue-2011","D",2011,15,17,"Above Slot","WST00006",5,"SR"
"WST00006_2014",2011-04-14,"Tisdale Bypass","M",1437.95,"TL","immature","361","2014","WS-UCD-MT-Rescue-2011","C",2011,15,18,"Above Slot","WST00006",5,"SR"
"WST00006_2015",2011-04-14,"Tisdale Bypass","M",1437.95,"TL","immature","353","2015","WS-UCD-MT-Rescue-2011","C",2011,15,19,"Above Slot","WST00006",5,"SR"
"WST00006_2016",2011-04-14,"Tisdale Bypass","M",1437.95,"TL","immature","339","2016","WS-UCD-MT-Rescue-2011","BN",2011,15,20,"Above Slot","WST00006",5,"SR"
"WST00007_2015",2011-05-11,"Fremont Weir","M",1689.05,"TL","Immature","236","2015","WS-UCD-MT-Rescue-2011","C",2011,19,23,"Above Slot","WST00007",1,"SR"
"WST00009_2012",2011-05-11,"Fremont Weir","M",1233.35,"TL","Immature","314","2012","WS-UCD-MT-Rescue-2011","BN",2011,12,13,"Fishery","WST00009",5,"SR"
"WST00009_2013",2011-05-11,"Fremont Weir","M",1233.35,"TL","Immature","331","2013","WS-UCD-MT-Rescue-2011","D",2011,12,14,"Fishery","WST00009",5,"SR"
"WST00009_2014",2011-05-11,"Fremont Weir","M",1233.35,"TL","Immature","347","2014","WS-UCD-MT-Rescue-2011","C",2011,12,15,"Fishery","WST00009",5,"SR"
"WST00009_2015",2011-05-11,"Fremont Weir","M",1233.35,"TL","Immature","361","2015","WS-UCD-MT-Rescue-2011","C",2011,12,16,"Above Slot","WST00009",5,"SR"
"WST00009_2016",2011-05-11,"Fremont Weir","M",1233.35,"TL","Immature","316","2016","WS-UCD-MT-Rescue-2011","BN",2011,12,17,"Above Slot","WST00009",5,"SR"
"WST00011_2013",2011-05-11,"Fremont Weir","M",1279.85,"TL","Immature","222","2013","WS-UCD-MT-Rescue-2011","D",2011,12,14,"Fishery","WST00011",1,"SR"
"WST00012_2012",2011-05-11,"Fremont Weir","M",1600.7,"TL","Mature","246","2012","WS-UCD-MT-Rescue-2011","BN",2011,17,18,"Above Slot","WST00012",5,"SR"
"WST00012_2013",2011-05-11,"Fremont Weir","M",1600.7,"TL","Mature","174","2013","WS-UCD-MT-Rescue-2011","D",2011,17,19,"Above Slot","WST00012",5,"SR"
"WST00012_2014",2011-05-11,"Fremont Weir","M",1600.7,"TL","Mature","345","2014","WS-UCD-MT-Rescue-2011","C",2011,17,20,"Above Slot","WST00012",5,"SR"
"WST00012_2015",2011-05-11,"Fremont Weir","M",1600.7,"TL","Mature","344","2015","WS-UCD-MT-Rescue-2011","C",2011,17,21,"Above Slot","WST00012",5,"SR"
"WST00012_2016",2011-05-11,"Fremont Weir","M",1600.7,"TL","Mature","275","2016","WS-UCD-MT-Rescue-2011","BN",2011,17,22,"Above Slot","WST00012",5,"SR"
"WST00013_2011",2010-08-17,"Grizzly_Bay","F",1080,"FL","","347","2011","WS-UCD-ACE-SFBay-2010","W",2010,10,11,"Fishery","WST00013",3,"DELTA"
"WST00013_2012",2010-08-17,"Grizzly_Bay","F",1080,"FL","","326","2012","WS-UCD-ACE-SFBay-2010","BN",2010,10,12,"Fishery","WST00013",3,"DELTA"
"WST00013_2013",2010-08-17,"Grizzly_Bay","F",1080,"FL","","289","2013","WS-UCD-ACE-SFBay-2010","D",2010,10,13,"Fishery","WST00013",3,"DELTA"
"WST00016_2012",2010-08-18,"San_Pablo_Bay","M",1480,"FL","","347","2012","WS-UCD-ACE-SFBay-2010","BN",2010,15,17,"Above Slot","WST00016",1,"DELTA"
"WST00020_2011",2010-08-24,"San_Pablo_Bay","U",1360,"FL","","352","2011","WS-UCD-ACE-SFBay-2010","W",2010,14,15,"Fishery","WST00020",2,"DELTA"
"WST00020_2012",2010-08-24,"San_Pablo_Bay","U",1360,"FL","","283","2012","WS-UCD-ACE-SFBay-2010","BN",2010,14,16,"Above Slot","WST00020",2,"DELTA"
"WST00021_2011",2010-08-25,"Suisun_Bay","F",1140,"FL","","353","2011","WS-UCD-ACE-SFBay-2010","W",2010,10,11,"Fishery","WST00021",2,"DELTA"
"WST00021_2012",2010-08-25,"Suisun_Bay","F",1140,"FL","","340","2012","WS-UCD-ACE-SFBay-2010","BN",2010,10,12,"Fishery","WST00021",2,"DELTA"
"WST00022_2011",2010-09-20,"San_Pablo_Bay","U",1350,"FL","","175","2011","WS-UCD-ACE-SFBay-2010","W",2010,13,14,"Fishery","WST00022",1,"DELTA"
"WST00023_2012",2010-09-20,"San_Pablo_Bay","F",1530,"FL","","341","2012","WS-UCD-ACE-SFBay-2010","BN",2010,16,18,"Above Slot","WST00023",3,"DELTA"
"WST00023_2014",2010-09-20,"San_Pablo_Bay","F",1530,"FL","","355","2014","WS-UCD-ACE-SFBay-2010","C",2010,16,20,"Above Slot","WST00023",3,"DELTA"
"WST00023_2015",2010-09-20,"San_Pablo_Bay","F",1530,"FL","","358","2015","WS-UCD-ACE-SFBay-2010","C",2010,16,21,"Above Slot","WST00023",3,"DELTA"
"WST00024_2011",2010-09-20,"San_Pablo_Bay","U",1200,"FL","","248","2011","WS-UCD-ACE-SFBay-2010","W",2010,11,12,"Fishery","WST00024",1,"DELTA"
"WST00025_2011",2010-09-21,"San_Pablo_Bay","U",870,"FL","","363","2011","WS-UCD-ACE-SFBay-2010","W",2010,7,8,"Below Slot","WST00025",3,"DELTA"
"WST00025_2012",2010-09-21,"San_Pablo_Bay","U",870,"FL","","340","2012","WS-UCD-ACE-SFBay-2010","BN",2010,7,9,"Below Slot","WST00025",3,"DELTA"
"WST00025_2015",2010-09-21,"San_Pablo_Bay","U",870,"FL","","353","2015","WS-UCD-ACE-SFBay-2010","C",2010,7,12,"Fishery","WST00025",3,"DELTA"
"WST00026_2011",2010-09-21,"San_Pablo_Bay","U",990,"FL","","361","2011","WS-UCD-ACE-SFBay-2010","W",2010,8,9,"Below Slot","WST00026",5,"DELTA"
"WST00026_2013",2010-09-21,"San_Pablo_Bay","U",990,"FL","","359","2013","WS-UCD-ACE-SFBay-2010","D",2010,8,11,"Fishery","WST00026",5,"DELTA"
"WST00026_2014",2010-09-21,"San_Pablo_Bay","U",990,"FL","","338","2014","WS-UCD-ACE-SFBay-2010","C",2010,8,12,"Fishery","WST00026",5,"DELTA"
"WST00026_2015",2010-09-21,"San_Pablo_Bay","U",990,"FL","","331","2015","WS-UCD-ACE-SFBay-2010","C",2010,8,13,"Fishery","WST00026",5,"DELTA"
"WST00026_2016",2010-09-21,"San_Pablo_Bay","U",990,"FL","","324","2016","WS-UCD-ACE-SFBay-2010","BN",2010,8,14,"Fishery","WST00026",5,"DELTA"
"WST00027_2011",2010-09-22,"Grizzly_Bay","U",1190,"FL","","193","2011","WS-UCD-ACE-SFBay-2010","W",2010,11,12,"Fishery","WST00027",2,"DELTA"
"WST00027_2014",2010-09-22,"Grizzly_Bay","U",1190,"FL","","138","2014","WS-UCD-ACE-SFBay-2010","C",2010,11,15,"Fishery","WST00027",2,"DELTA"
"WST00029_2012",2010-09-22,"Grizzly_Bay","U",940,"FL","","190","2012","WS-UCD-ACE-SFBay-2010","BN",2010,8,10,"Below Slot","WST00029",1,"DELTA"
"WST00030_2011",2010-09-22,"Grizzly_Bay","F",1200,"FL","","286","2011","WS-UCD-ACE-SFBay-2010","W",2010,11,12,"Fishery","WST00030",1,"DELTA"
"WST00032_2013",2010-09-22,"Suisun_Bay","U",950,"FL","","362","2013","WS-UCD-ACE-SFBay-2010","D",2010,8,11,"Fishery","WST00032",5,"DELTA"
"WST00032_2014",2010-09-22,"Suisun_Bay","U",950,"FL","","352","2014","WS-UCD-ACE-SFBay-2010","C",2010,8,12,"Fishery","WST00032",5,"DELTA"
"WST00032_2015",2010-09-22,"Suisun_Bay","U",950,"FL","","353","2015","WS-UCD-ACE-SFBay-2010","C",2010,8,13,"Fishery","WST00032",5,"DELTA"
"WST00032_2016",2010-09-22,"Suisun_Bay","U",950,"FL","","364","2016","WS-UCD-ACE-SFBay-2010","BN",2010,8,14,"Fishery","WST00032",5,"DELTA"
"WST00032_2017",2010-09-22,"Suisun_Bay","U",950,"FL","","364","2017","WS-UCD-ACE-SFBay-2010","W",2010,8,15,"Fishery","WST00032",5,"DELTA"
"WST00034_2011",2010-09-23,"Grizzly_Bay","U",1370,"FL","","351","2011","WS-UCD-ACE-SFBay-2010","W",2010,14,15,"Fishery","WST00034",2,"DELTA"
"WST00034_2012",2010-09-23,"Grizzly_Bay","U",1370,"FL","","334","2012","WS-UCD-ACE-SFBay-2010","BN",2010,14,16,"Above Slot","WST00034",2,"DELTA"
"WST00035_2012",2010-09-23,"Grizzly_Bay","F",1070,"FL","","336","2012","WS-UCD-ACE-SFBay-2010","BN",2010,9,11,"Fishery","WST00035",1,"DELTA"
"WST00037_2011",2010-09-23,"Grizzly_Bay","U",1550,"FL","","342","2011","WS-UCD-ACE-SFBay-2010","W",2010,17,18,"Above Slot","WST00037",5,"DELTA"
"WST00037_2012",2010-09-23,"Grizzly_Bay","U",1550,"FL","","338","2012","WS-UCD-ACE-SFBay-2010","BN",2010,17,19,"Above Slot","WST00037",5,"DELTA"
"WST00037_2013",2010-09-23,"Grizzly_Bay","U",1550,"FL","","361","2013","WS-UCD-ACE-SFBay-2010","D",2010,17,20,"Above Slot","WST00037",5,"DELTA"
"WST00037_2014",2010-09-23,"Grizzly_Bay","U",1550,"FL","","364","2014","WS-UCD-ACE-SFBay-2010","C",2010,17,21,"Above Slot","WST00037",5,"DELTA"
"WST00037_2015",2010-09-23,"Grizzly_Bay","U",1550,"FL","","356","2015","WS-UCD-ACE-SFBay-2010","C",2010,17,22,"Above Slot","WST00037",5,"DELTA"
"WST00038_2011",2010-09-23,"Grizzly_Bay","U",1200,"FL","","184","2011","WS-UCD-ACE-SFBay-2010","W",2010,11,12,"Fishery","WST00038",2,"DELTA"
"WST00038_2013",2010-09-23,"Grizzly_Bay","U",1200,"FL","","170","2013","WS-UCD-ACE-SFBay-2010","D",2010,11,14,"Fishery","WST00038",2,"DELTA"
"WST00041_2011",2010-09-27,"Grizzly_Bay","U",940,"FL","","352","2011","WS-UCD-ACE-SFBay-2010","W",2010,8,9,"Below Slot","WST00041",2,"DELTA"
"WST00041_2015",2010-09-27,"Grizzly_Bay","U",940,"FL","","314","2015","WS-UCD-ACE-SFBay-2010","C",2010,8,13,"Fishery","WST00041",2,"DELTA"
"WST00042_2011",2010-09-27,"Grizzly_Bay","U",1100,"FL","","281","2011","WS-UCD-ACE-SFBay-2010","W",2010,10,11,"Fishery","WST00042",3,"DELTA"
"WST00042_2012",2010-09-27,"Grizzly_Bay","U",1100,"FL","","295","2012","WS-UCD-ACE-SFBay-2010","BN",2010,10,12,"Fishery","WST00042",3,"DELTA"
"WST00042_2013",2010-09-27,"Grizzly_Bay","U",1100,"FL","","265","2013","WS-UCD-ACE-SFBay-2010","D",2010,10,13,"Fishery","WST00042",3,"DELTA"
"WST00044_2011",2010-09-27,"Grizzly_Bay","U",930,"FL","","348","2011","WS-UCD-ACE-SFBay-2010","W",2010,8,9,"Below Slot","WST00044",1,"DELTA"
"WST00045_2011",2010-09-27,"Grizzly_Bay","U",1150,"FL","","361","2011","WS-UCD-ACE-SFBay-2010","W",2010,10,11,"Fishery","WST00045",2,"DELTA"
"WST00045_2012",2010-09-27,"Grizzly_Bay","U",1150,"FL","","358","2012","WS-UCD-ACE-SFBay-2010","BN",2010,10,12,"Fishery","WST00045",2,"DELTA"
"WST00046_2013",2010-09-27,"Grizzly_Bay","U",1020,"FL","","128","2013","WS-UCD-ACE-SFBay-2010","D",2010,9,12,"Fishery","WST00046",1,"DELTA"
"WST00047_2011",2010-09-27,"Grizzly_Bay","U",1610,"FL","","352","2011","WS-UCD-ACE-SFBay-2010","W",2010,18,19,"Above Slot","WST00047",6,"DELTA"
"WST00047_2012",2010-09-27,"Grizzly_Bay","U",1610,"FL","","339","2012","WS-UCD-ACE-SFBay-2010","BN",2010,18,20,"Above Slot","WST00047",6,"DELTA"
"WST00047_2013",2010-09-27,"Grizzly_Bay","U",1610,"FL","","320","2013","WS-UCD-ACE-SFBay-2010","D",2010,18,21,"Above Slot","WST00047",6,"DELTA"
"WST00047_2014",2010-09-27,"Grizzly_Bay","U",1610,"FL","","303","2014","WS-UCD-ACE-SFBay-2010","C",2010,18,22,"Above Slot","WST00047",6,"DELTA"
"WST00047_2015",2010-09-27,"Grizzly_Bay","U",1610,"FL","","344","2015","WS-UCD-ACE-SFBay-2010","C",2010,18,23,"Above Slot","WST00047",6,"DELTA"
"WST00047_2017",2010-09-27,"Grizzly_Bay","U",1610,"FL","","306","2017","WS-UCD-ACE-SFBay-2010","W",2010,18,25,"Above Slot","WST00047",6,"DELTA"
"WST00048_2011",2010-09-28,"Grizzly_Bay","F",1260,"FL","","247","2011","WS-UCD-ACE-SFBay-2010","W",2010,12,13,"Fishery","WST00048",1,"DELTA"
"WST00049_2011",2010-09-28,"Grizzly_Bay","U",1280,"FL","","359","2011","WS-UCD-ACE-SFBay-2010","W",2010,12,13,"Fishery","WST00049",3,"DELTA"
"WST00049_2012",2010-09-28,"Grizzly_Bay","U",1280,"FL","","337","2012","WS-UCD-ACE-SFBay-2010","BN",2010,12,14,"Fishery","WST00049",3,"DELTA"
"WST00049_2013",2010-09-28,"Grizzly_Bay","U",1280,"FL","","363","2013","WS-UCD-ACE-SFBay-2010","D",2010,12,15,"Fishery","WST00049",3,"DELTA"
"WST00055_2011",2010-09-29,"Grizzly_Bay","U",1060,"FL","","354","2011","WS-UCD-ACE-SFBay-2010","W",2010,9,10,"Below Slot","WST00055",1,"DELTA"
"WST00056_2012",2010-09-29,"Grizzly_Bay","U",1350,"FL","","353","2012","WS-UCD-ACE-SFBay-2010","BN",2010,13,15,"Fishery","WST00056",4,"DELTA"
"WST00056_2014",2010-09-29,"Grizzly_Bay","U",1350,"FL","","356","2014","WS-UCD-ACE-SFBay-2010","C",2010,13,17,"Above Slot","WST00056",4,"DELTA"
"WST00056_2015",2010-09-29,"Grizzly_Bay","U",1350,"FL","","204","2015","WS-UCD-ACE-SFBay-2010","C",2010,13,18,"Above Slot","WST00056",4,"DELTA"
"WST00056_2017",2010-09-29,"Grizzly_Bay","U",1350,"FL","","336","2017","WS-UCD-ACE-SFBay-2010","W",2010,13,20,"Above Slot","WST00056",4,"DELTA"
"WST00057_2011",2010-09-29,"Grizzly_Bay","U",1130,"FL","","361","2011","WS-UCD-ACE-SFBay-2010","W",2010,10,11,"Fishery","WST00057",6,"DELTA"
"WST00057_2012",2010-09-29,"Grizzly_Bay","U",1130,"FL","","334","2012","WS-UCD-ACE-SFBay-2010","BN",2010,10,12,"Fishery","WST00057",6,"DELTA"
"WST00057_2013",2010-09-29,"Grizzly_Bay","U",1130,"FL","","334","2013","WS-UCD-ACE-SFBay-2010","D",2010,10,13,"Fishery","WST00057",6,"DELTA"
"WST00057_2014",2010-09-29,"Grizzly_Bay","U",1130,"FL","","352","2014","WS-UCD-ACE-SFBay-2010","C",2010,10,14,"Fishery","WST00057",6,"DELTA"
"WST00057_2015",2010-09-29,"Grizzly_Bay","U",1130,"FL","","338","2015","WS-UCD-ACE-SFBay-2010","C",2010,10,15,"Fishery","WST00057",6,"DELTA"
"WST00057_2016",2010-09-29,"Grizzly_Bay","U",1130,"FL","","320","2016","WS-UCD-ACE-SFBay-2010","BN",2010,10,16,"Above Slot","WST00057",6,"DELTA"
"WST00058_2011",2010-09-29,"Grizzly_Bay","U",1020,"FL","","346","2011","WS-UCD-ACE-SFBay-2010","W",2010,9,10,"Below Slot","WST00058",1,"DELTA"
"WST00060_2011",2010-09-29,"Grizzly_Bay","U",1210,"FL","","343","2011","WS-UCD-ACE-SFBay-2010","W",2010,11,12,"Fishery","WST00060",7,"DELTA"
"WST00060_2012",2010-09-29,"Grizzly_Bay","U",1210,"FL","","349","2012","WS-UCD-ACE-SFBay-2010","BN",2010,11,13,"Fishery","WST00060",7,"DELTA"
"WST00060_2013",2010-09-29,"Grizzly_Bay","U",1210,"FL","","356","2013","WS-UCD-ACE-SFBay-2010","D",2010,11,14,"Fishery","WST00060",7,"DELTA"
"WST00060_2014",2010-09-29,"Grizzly_Bay","U",1210,"FL","","361","2014","WS-UCD-ACE-SFBay-2010","C",2010,11,15,"Fishery","WST00060",7,"DELTA"
"WST00060_2015",2010-09-29,"Grizzly_Bay","U",1210,"FL","","342","2015","WS-UCD-ACE-SFBay-2010","C",2010,11,16,"Above Slot","WST00060",7,"DELTA"
"WST00060_2016",2010-09-29,"Grizzly_Bay","U",1210,"FL","","343","2016","WS-UCD-ACE-SFBay-2010","BN",2010,11,17,"Above Slot","WST00060",7,"DELTA"
"WST00060_2017",2010-09-29,"Grizzly_Bay","U",1210,"FL","","353","2017","WS-UCD-ACE-SFBay-2010","W",2010,11,18,"Above Slot","WST00060",7,"DELTA"
"WST00064_2011",2010-09-29,"Grizzly_Bay","U",1160,"FL","","360","2011","WS-UCD-ACE-SFBay-2010","W",2010,11,12,"Fishery","WST00064",7,"DELTA"
"WST00064_2012",2010-09-29,"Grizzly_Bay","U",1160,"FL","","345","2012","WS-UCD-ACE-SFBay-2010","BN",2010,11,13,"Fishery","WST00064",7,"DELTA"
"WST00064_2013",2010-09-29,"Grizzly_Bay","U",1160,"FL","","294","2013","WS-UCD-ACE-SFBay-2010","D",2010,11,14,"Fishery","WST00064",7,"DELTA"
"WST00064_2014",2010-09-29,"Grizzly_Bay","U",1160,"FL","","364","2014","WS-UCD-ACE-SFBay-2010","C",2010,11,15,"Fishery","WST00064",7,"DELTA"
"WST00064_2015",2010-09-29,"Grizzly_Bay","U",1160,"FL","","364","2015","WS-UCD-ACE-SFBay-2010","C",2010,11,16,"Above Slot","WST00064",7,"DELTA"
"WST00064_2016",2010-09-29,"Grizzly_Bay","U",1160,"FL","","312","2016","WS-UCD-ACE-SFBay-2010","BN",2010,11,17,"Above Slot","WST00064",7,"DELTA"
"WST00064_2017",2010-09-29,"Grizzly_Bay","U",1160,"FL","","326","2017","WS-UCD-ACE-SFBay-2010","W",2010,11,18,"Above Slot","WST00064",7,"DELTA"
"WST00066_2011",2010-09-29,"Grizzly_Bay","U",1260,"FL","","363","2011","WS-UCD-ACE-SFBay-2010","W",2010,12,13,"Fishery","WST00066",2,"DELTA"
"WST00066_2012",2010-09-29,"Grizzly_Bay","U",1260,"FL","","363","2012","WS-UCD-ACE-SFBay-2010","BN",2010,12,14,"Fishery","WST00066",2,"DELTA"
"WST00072_2011",2010-10-04,"Grizzly_Bay","U",1190,"FL","","321","2011","WS-UCD-ACE-SFBay-2010","W",2010,11,12,"Fishery","WST00072",3,"DELTA"
"WST00072_2012",2010-10-04,"Grizzly_Bay","U",1190,"FL","","308","2012","WS-UCD-ACE-SFBay-2010","BN",2010,11,13,"Fishery","WST00072",3,"DELTA"
"WST00072_2013",2010-10-04,"Grizzly_Bay","U",1190,"FL","","146","2013","WS-UCD-ACE-SFBay-2010","D",2010,11,14,"Fishery","WST00072",3,"DELTA"
"WST00074_2011",2010-10-04,"Grizzly_Bay","U",1070,"FL","","325","2011","WS-UCD-ACE-SFBay-2010","W",2010,9,10,"Below Slot","WST00074",3,"DELTA"
"WST00074_2012",2010-10-04,"Grizzly_Bay","U",1070,"FL","","311","2012","WS-UCD-ACE-SFBay-2010","BN",2010,9,11,"Fishery","WST00074",3,"DELTA"
"WST00074_2015",2010-10-04,"Grizzly_Bay","U",1070,"FL","","351","2015","WS-UCD-ACE-SFBay-2010","C",2010,9,14,"Fishery","WST00074",3,"DELTA"
"WST00075_2011",2010-10-04,"Grizzly_Bay","U",1070,"FL","","187","2011","WS-UCD-ACE-SFBay-2010","W",2010,9,10,"Below Slot","WST00075",1,"DELTA"
"WST00077_2011",2010-10-05,"Grizzly_Bay","U",890,"FL","","351","2011","WS-UCD-ACE-SFBay-2010","W",2010,7,8,"Below Slot","WST00077",7,"DELTA"
"WST00077_2012",2010-10-05,"Grizzly_Bay","U",890,"FL","","312","2012","WS-UCD-ACE-SFBay-2010","BN",2010,7,9,"Below Slot","WST00077",7,"DELTA"
"WST00077_2013",2010-10-05,"Grizzly_Bay","U",890,"FL","","280","2013","WS-UCD-ACE-SFBay-2010","D",2010,7,10,"Below Slot","WST00077",7,"DELTA"
"WST00077_2014",2010-10-05,"Grizzly_Bay","U",890,"FL","","355","2014","WS-UCD-ACE-SFBay-2010","C",2010,7,11,"Fishery","WST00077",7,"DELTA"
"WST00077_2015",2010-10-05,"Grizzly_Bay","U",890,"FL","","346","2015","WS-UCD-ACE-SFBay-2010","C",2010,7,12,"Fishery","WST00077",7,"DELTA"
"WST00077_2016",2010-10-05,"Grizzly_Bay","U",890,"FL","","338","2016","WS-UCD-ACE-SFBay-2010","BN",2010,7,13,"Fishery","WST00077",7,"DELTA"
"WST00077_2017",2010-10-05,"Grizzly_Bay","U",890,"FL","","290","2017","WS-UCD-ACE-SFBay-2010","W",2010,7,14,"Fishery","WST00077",7,"DELTA"
"WST00078_2011",2010-10-05,"Grizzly_Bay","U",1420,"FL","","356","2011","WS-UCD-ACE-SFBay-2010","W",2010,14,15,"Fishery","WST00078",5,"DELTA"
"WST00078_2012",2010-10-05,"Grizzly_Bay","U",1420,"FL","","365","2012","WS-UCD-ACE-SFBay-2010","BN",2010,14,16,"Above Slot","WST00078",5,"DELTA"
"WST00078_2013",2010-10-05,"Grizzly_Bay","U",1420,"FL","","362","2013","WS-UCD-ACE-SFBay-2010","D",2010,14,17,"Above Slot","WST00078",5,"DELTA"
"WST00078_2014",2010-10-05,"Grizzly_Bay","U",1420,"FL","","361","2014","WS-UCD-ACE-SFBay-2010","C",2010,14,18,"Above Slot","WST00078",5,"DELTA"
"WST00078_2015",2010-10-05,"Grizzly_Bay","U",1420,"FL","","359","2015","WS-UCD-ACE-SFBay-2010","C",2010,14,19,"Above Slot","WST00078",5,"DELTA"
"WST00079_2011",2010-10-05,"Grizzly_Bay","U",1270,"FL","","348","2011","WS-UCD-ACE-SFBay-2010","W",2010,12,13,"Fishery","WST00079",1,"DELTA"
"WST00082_2014",2010-10-06,"Grizzly_Bay","U",1170,"FL","","355","2014","WS-UCD-ACE-SFBay-2010","C",2010,11,15,"Fishery","WST00082",2,"DELTA"
"WST00082_2016",2010-10-06,"Grizzly_Bay","U",1170,"FL","","214","2016","WS-UCD-ACE-SFBay-2010","BN",2010,11,17,"Above Slot","WST00082",2,"DELTA"
"WST00083_2011",2010-10-06,"Grizzly_Bay","U",1370,"FL","","316","2011","WS-UCD-ACE-SFBay-2010","W",2010,14,15,"Fishery","WST00083",1,"DELTA"
"WST00086_2012",2010-10-07,"Grizzly_Bay","U",1220,"FL","","352","2012","WS-UCD-ACE-SFBay-2010","BN",2010,11,13,"Fishery","WST00086",2,"DELTA"
"WST00086_2013",2010-10-07,"Grizzly_Bay","U",1220,"FL","","355","2013","WS-UCD-ACE-SFBay-2010","D",2010,11,14,"Fishery","WST00086",2,"DELTA"
"WST00087_2011",2010-10-12,"Grizzly_Bay","U",1000,"FL","","336","2011","WS-UCD-ACE-SFBay-2010","W",2010,8,9,"Below Slot","WST00087",2,"DELTA"
"WST00087_2012",2010-10-12,"Grizzly_Bay","U",1000,"FL","","327","2012","WS-UCD-ACE-SFBay-2010","BN",2010,8,10,"Below Slot","WST00087",2,"DELTA"
"WST00088_2011",2010-10-12,"Grizzly_Bay","U",1570,"FL","","337","2011","WS-UCD-ACE-SFBay-2010","W",2010,17,18,"Above Slot","WST00088",2,"DELTA"
"WST00088_2012",2010-10-12,"Grizzly_Bay","U",1570,"FL","","327","2012","WS-UCD-ACE-SFBay-2010","BN",2010,17,19,"Above Slot","WST00088",2,"DELTA"
"WST00089_2011",2010-10-13,"Grizzly_Bay","U",1210,"FL","","342","2011","WS-UCD-ACE-SFBay-2010","W",2010,11,12,"Fishery","WST00089",1,"DELTA"
"WST00090_2012",2010-10-14,"Grizzly_Bay","U",1150,"FL","","350","2012","WS-UCD-ACE-SFBay-2010","BN",2010,10,12,"Fishery","WST00090",4,"DELTA"
"WST00090_2014",2010-10-14,"Grizzly_Bay","U",1150,"FL","","275","2014","WS-UCD-ACE-SFBay-2010","C",2010,10,14,"Fishery","WST00090",4,"DELTA"
"WST00090_2015",2010-10-14,"Grizzly_Bay","U",1150,"FL","","350","2015","WS-UCD-ACE-SFBay-2010","C",2010,10,15,"Fishery","WST00090",4,"DELTA"
"WST00090_2016",2010-10-14,"Grizzly_Bay","U",1150,"FL","","356","2016","WS-UCD-ACE-SFBay-2010","BN",2010,10,16,"Above Slot","WST00090",4,"DELTA"
"WST00091_2011",2010-10-14,"Grizzly_Bay","U",1090,"FL","","345","2011","WS-UCD-ACE-SFBay-2010","W",2010,10,11,"Fishery","WST00091",7,"DELTA"
"WST00091_2012",2010-10-14,"Grizzly_Bay","U",1090,"FL","","358","2012","WS-UCD-ACE-SFBay-2010","BN",2010,10,12,"Fishery","WST00091",7,"DELTA"
"WST00091_2013",2010-10-14,"Grizzly_Bay","U",1090,"FL","","319","2013","WS-UCD-ACE-SFBay-2010","D",2010,10,13,"Fishery","WST00091",7,"DELTA"
"WST00091_2014",2010-10-14,"Grizzly_Bay","U",1090,"FL","","355","2014","WS-UCD-ACE-SFBay-2010","C",2010,10,14,"Fishery","WST00091",7,"DELTA"
"WST00091_2015",2010-10-14,"Grizzly_Bay","U",1090,"FL","","364","2015","WS-UCD-ACE-SFBay-2010","C",2010,10,15,"Fishery","WST00091",7,"DELTA"
"WST00091_2016",2010-10-14,"Grizzly_Bay","U",1090,"FL","","360","2016","WS-UCD-ACE-SFBay-2010","BN",2010,10,16,"Above Slot","WST00091",7,"DELTA"
"WST00091_2017",2010-10-14,"Grizzly_Bay","U",1090,"FL","","364","2017","WS-UCD-ACE-SFBay-2010","W",2010,10,17,"Above Slot","WST00091",7,"DELTA"
"WST00092_2011",2010-10-14,"Grizzly_Bay","U",980,"FL","","300","2011","WS-UCD-ACE-SFBay-2010","W",2010,8,9,"Below Slot","WST00092",1,"DELTA"
"WST00096_2012",2011-08-03,"San_Pablo_Bay","U",1590,"FL","","301","2012","WS-UCD-ACE-SFBay-2011","BN",2011,17,18,"Above Slot","WST00096",1,"DELTA"
"WST00098_2012",2011-08-03,"San_Pablo_Bay","U",1090,"FL","","352","2012","WS-UCD-ACE-SFBay-2011","BN",2011,10,11,"Fishery","WST00098",4,"DELTA"
"WST00098_2013",2011-08-03,"San_Pablo_Bay","U",1090,"FL","","358","2013","WS-UCD-ACE-SFBay-2011","D",2011,10,12,"Fishery","WST00098",4,"DELTA"
"WST00098_2014",2011-08-03,"San_Pablo_Bay","U",1090,"FL","","328","2014","WS-UCD-ACE-SFBay-2011","C",2011,10,13,"Fishery","WST00098",4,"DELTA"
"WST00098_2015",2011-08-03,"San_Pablo_Bay","U",1090,"FL","","361","2015","WS-UCD-ACE-SFBay-2011","C",2011,10,14,"Fishery","WST00098",4,"DELTA"
"WST00099_2012",2011-08-03,"San_Pablo_Bay","U",960,"FL","","364","2012","WS-UCD-ACE-SFBay-2011","BN",2011,8,9,"Below Slot","WST00099",2,"DELTA"
"WST00099_2013",2011-08-03,"San_Pablo_Bay","U",960,"FL","","364","2013","WS-UCD-ACE-SFBay-2011","D",2011,8,10,"Below Slot","WST00099",2,"DELTA"
"WST00101_2012",2011-08-03,"San_Pablo_Bay","U",1290,"FL","","276","2012","WS-UCD-ACE-SFBay-2011","BN",2011,12,13,"Fishery","WST00101",1,"DELTA"
"WST00106_2012",2011-08-11,"San_Pablo_Bay","M",1550,"FL","","349","2012","WS-UCD-ACE-SFBay-2011","BN",2011,17,18,"Above Slot","WST00106",2,"DELTA"
"WST00106_2013",2011-08-11,"San_Pablo_Bay","M",1550,"FL","","313","2013","WS-UCD-ACE-SFBay-2011","D",2011,17,19,"Above Slot","WST00106",2,"DELTA"
"WST00110_2012",2011-08-15,"San_Pablo_Bay","U",1410,"FL","","204","2012","WS-UCD-ACE-SFBay-2011","BN",2011,14,15,"Fishery","WST00110",3,"DELTA"
"WST00110_2013",2011-08-15,"San_Pablo_Bay","U",1410,"FL","","362","2013","WS-UCD-ACE-SFBay-2011","D",2011,14,16,"Above Slot","WST00110",3,"DELTA"
"WST00110_2015",2011-08-15,"San_Pablo_Bay","U",1410,"FL","","168","2015","WS-UCD-ACE-SFBay-2011","C",2011,14,18,"Above Slot","WST00110",3,"DELTA"
"WST00111_2012",2011-08-15,"San_Pablo_Bay","U",1570,"FL","","309","2012","WS-UCD-ACE-SFBay-2011","BN",2011,17,18,"Above Slot","WST00111",1,"DELTA"
"WST00114_2012",2011-08-16,"Suisun_Bay","U",1110,"FL","","171","2012","WS-UCD-ACE-SFBay-2011","BN",2011,10,11,"Fishery","WST00114",1,"DELTA"
"WST00115_2012",2011-08-16,"Suisun_Bay","U",1200,"FL","","365","2012","WS-UCD-ACE-SFBay-2011","BN",2011,11,12,"Fishery","WST00115",2,"DELTA"
"WST00115_2013",2011-08-16,"Suisun_Bay","U",1200,"FL","","356","2013","WS-UCD-ACE-SFBay-2011","D",2011,11,13,"Fishery","WST00115",2,"DELTA"
"WST00116_2013",2011-08-16,"Suisun_Bay","U",900,"FL","","223","2013","WS-UCD-ACE-SFBay-2011","D",2011,7,9,"Below Slot","WST00116",4,"DELTA"
"WST00116_2014",2011-08-16,"Suisun_Bay","U",900,"FL","","337","2014","WS-UCD-ACE-SFBay-2011","C",2011,7,10,"Below Slot","WST00116",4,"DELTA"
"WST00116_2015",2011-08-16,"Suisun_Bay","U",900,"FL","","349","2015","WS-UCD-ACE-SFBay-2011","C",2011,7,11,"Fishery","WST00116",4,"DELTA"
"WST00116_2017",2011-08-16,"Suisun_Bay","U",900,"FL","","359","2017","WS-UCD-ACE-SFBay-2011","W",2011,7,13,"Fishery","WST00116",4,"DELTA"
"WST00118_2012",2011-08-16,"Suisun_Bay","F",1340,"FL","","359","2012","WS-UCD-ACE-SFBay-2011","BN",2011,13,14,"Fishery","WST00118",1,"DELTA"
"WST00121_2012",2011-08-16,"Suisun_Bay","F",1200,"FL","","321","2012","WS-UCD-ACE-SFBay-2011","BN",2011,11,12,"Fishery","WST00121",6,"DELTA"
"WST00121_2013",2011-08-16,"Suisun_Bay","F",1200,"FL","","238","2013","WS-UCD-ACE-SFBay-2011","D",2011,11,13,"Fishery","WST00121",6,"DELTA"
"WST00121_2014",2011-08-16,"Suisun_Bay","F",1200,"FL","","308","2014","WS-UCD-ACE-SFBay-2011","C",2011,11,14,"Fishery","WST00121",6,"DELTA"
"WST00121_2015",2011-08-16,"Suisun_Bay","F",1200,"FL","","323","2015","WS-UCD-ACE-SFBay-2011","C",2011,11,15,"Fishery","WST00121",6,"DELTA"
"WST00121_2016",2011-08-16,"Suisun_Bay","F",1200,"FL","","297","2016","WS-UCD-ACE-SFBay-2011","BN",2011,11,16,"Above Slot","WST00121",6,"DELTA"
"WST00121_2017",2011-08-16,"Suisun_Bay","F",1200,"FL","","329","2017","WS-UCD-ACE-SFBay-2011","W",2011,11,17,"Above Slot","WST00121",6,"DELTA"
"WST00122_2012",2011-08-17,"Suisun_Bay","U",1070,"FL","","325","2012","WS-UCD-ACE-SFBay-2011","BN",2011,9,10,"Below Slot","WST00122",2,"DELTA"
"WST00122_2013",2011-08-17,"Suisun_Bay","U",1070,"FL","","327","2013","WS-UCD-ACE-SFBay-2011","D",2011,9,11,"Fishery","WST00122",2,"DELTA"
"WST00127_2012",2011-08-17,"Suisun_Bay","U",1140,"FL","","275","2012","WS-UCD-ACE-SFBay-2011","BN",2011,10,11,"Fishery","WST00127",1,"DELTA"
"WST00129_2012",2011-08-17,"Suisun_Bay","F",1170,"FL","","269","2012","WS-UCD-ACE-SFBay-2011","BN",2011,11,12,"Fishery","WST00129",2,"DELTA"
"WST00129_2016",2011-08-17,"Suisun_Bay","F",1170,"FL","","121","2016","WS-UCD-ACE-SFBay-2011","BN",2011,11,16,"Above Slot","WST00129",2,"DELTA"
"WST00131_2012",2011-08-17,"Suisun_Bay","U",1010,"FL","","238","2012","WS-UCD-ACE-SFBay-2011","BN",2011,9,10,"Below Slot","WST00131",1,"DELTA"
"WST00136_2012",2011-08-18,"Suisun_Bay","U",1090,"FL","","279","2012","WS-UCD-ACE-SFBay-2011","BN",2011,10,11,"Fishery","WST00136",1,"DELTA"
"WST00139_2015",2011-08-23,"Suisun_Bay","U",900,"FL","","181","2015","WS-UCD-ACE-SFBay-2011","C",2011,7,11,"Fishery","WST00139",1,"DELTA"
"WST00142_2012",2011-08-24,"Suisun_Bay","U",900,"FL","","344","2012","WS-UCD-ACE-SFBay-2011","BN",2011,7,8,"Below Slot","WST00142",1,"DELTA"
"WST00143_2012",2011-08-24,"Suisun_Bay","U",1670,"FL","","235","2012","WS-UCD-ACE-SFBay-2011","BN",2011,19,20,"Above Slot","WST00143",4,"DELTA"
"WST00143_2013",2011-08-24,"Suisun_Bay","U",1670,"FL","","139","2013","WS-UCD-ACE-SFBay-2011","D",2011,19,21,"Above Slot","WST00143",4,"DELTA"
"WST00143_2016",2011-08-24,"Suisun_Bay","U",1670,"FL","","351","2016","WS-UCD-ACE-SFBay-2011","BN",2011,19,24,"Above Slot","WST00143",4,"DELTA"
"WST00143_2017",2011-08-24,"Suisun_Bay","U",1670,"FL","","297","2017","WS-UCD-ACE-SFBay-2011","W",2011,19,25,"Above Slot","WST00143",4,"DELTA"
"WST00146_2015",2011-08-25,"Suisun_Bay","M",1040,"FL","","309","2015","WS-UCD-ACE-SFBay-2011","C",2011,9,13,"Fishery","WST00146",1,"DELTA"
"WST00147_2012",2011-08-29,"Suisun_Bay","U",1670,"FL","","298","2012","WS-UCD-ACE-SFBay-2011","BN",2011,19,20,"Above Slot","WST00147",5,"DELTA"
"WST00147_2013",2011-08-29,"Suisun_Bay","U",1670,"FL","","358","2013","WS-UCD-ACE-SFBay-2011","D",2011,19,21,"Above Slot","WST00147",5,"DELTA"
"WST00147_2014",2011-08-29,"Suisun_Bay","U",1670,"FL","","324","2014","WS-UCD-ACE-SFBay-2011","C",2011,19,22,"Above Slot","WST00147",5,"DELTA"
"WST00147_2015",2011-08-29,"Suisun_Bay","U",1670,"FL","","345","2015","WS-UCD-ACE-SFBay-2011","C",2011,19,23,"Above Slot","WST00147",5,"DELTA"
"WST00147_2016",2011-08-29,"Suisun_Bay","U",1670,"FL","","361","2016","WS-UCD-ACE-SFBay-2011","BN",2011,19,24,"Above Slot","WST00147",5,"DELTA"
"WST00148_2012",2011-08-29,"Suisun_Bay","F",1110,"FL","","363","2012","WS-UCD-ACE-SFBay-2011","BN",2011,10,11,"Fishery","WST00148",2,"DELTA"
"WST00148_2013",2011-08-29,"Suisun_Bay","F",1110,"FL","","332","2013","WS-UCD-ACE-SFBay-2011","D",2011,10,12,"Fishery","WST00148",2,"DELTA"
"WST00149_2013",2011-08-29,"Suisun_Bay","U",1080,"FL","","319","2013","WS-UCD-ACE-SFBay-2011","D",2011,10,12,"Fishery","WST00149",1,"DELTA"
"WST00151_2017",2011-08-29,"Suisun_Bay","U",1390,"FL","","310","2017","WS-UCD-ACE-SFBay-2011","W",2011,14,20,"Above Slot","WST00151",1,"DELTA"
"WST00153_2014",2011-08-31,"Suisun_Bay","U",1030,"FL","","229","2014","WS-UCD-ACE-SFBay-2011","C",2011,9,12,"Fishery","WST00153",1,"DELTA"
"WST00155_2015",2011-09-12,"Suisun_Bay","F",1760,"FL","","333","2015","WS-UCD-ACE-SFBay-2011","C",2011,20,24,"Above Slot","WST00155",1,"DELTA"
"WST00156_2012",2011-09-13,"Suisun_Bay","U",1480,"FL","","365","2012","WS-UCD-ACE-SFBay-2011","BN",2011,15,16,"Above Slot","WST00156",2,"DELTA"
"WST00156_2013",2011-09-13,"Suisun_Bay","U",1480,"FL","","291","2013","WS-UCD-ACE-SFBay-2011","D",2011,15,17,"Above Slot","WST00156",2,"DELTA"
"WST00157_2012",2011-09-20,"Suisun_Bay","U",840,"FL","","365","2012","WS-UCD-ACE-SFBay-2011","BN",2011,6,7,"Below Slot","WST00157",1,"DELTA"
"WST00158_2012",2011-09-22,"San_Pablo_Bay","F",1586.75,"TL","","363","2012","WS-UCD-ACE-SFBay-2011","BN",2011,17,18,"Above Slot","WST00158",4,"DELTA"
"WST00158_2013",2011-09-22,"San_Pablo_Bay","F",1586.75,"TL","","363","2013","WS-UCD-ACE-SFBay-2011","D",2011,17,19,"Above Slot","WST00158",4,"DELTA"
"WST00158_2014",2011-09-22,"San_Pablo_Bay","F",1586.75,"TL","","358","2014","WS-UCD-ACE-SFBay-2011","C",2011,17,20,"Above Slot","WST00158",4,"DELTA"
"WST00158_2016",2011-09-22,"San_Pablo_Bay","F",1586.75,"TL","","319","2016","WS-UCD-ACE-SFBay-2011","BN",2011,17,22,"Above Slot","WST00158",4,"DELTA"
"WST00165_2012",2011-10-10,"Suisun_Bay","U",1520,"FL","","352","2012","WS-UCD-ACE-SFBay-2011","BN",2011,16,17,"Above Slot","WST00165",5,"DELTA"
"WST00165_2013",2011-10-10,"Suisun_Bay","U",1520,"FL","","293","2013","WS-UCD-ACE-SFBay-2011","D",2011,16,18,"Above Slot","WST00165",5,"DELTA"
"WST00165_2014",2011-10-10,"Suisun_Bay","U",1520,"FL","","335","2014","WS-UCD-ACE-SFBay-2011","C",2011,16,19,"Above Slot","WST00165",5,"DELTA"
"WST00165_2015",2011-10-10,"Suisun_Bay","U",1520,"FL","","320","2015","WS-UCD-ACE-SFBay-2011","C",2011,16,20,"Above Slot","WST00165",5,"DELTA"
"WST00165_2017",2011-10-10,"Suisun_Bay","U",1520,"FL","","256","2017","WS-UCD-ACE-SFBay-2011","W",2011,16,22,"Above Slot","WST00165",5,"DELTA"
"WST00166_2017",2011-10-11,"Suisun_Bay","U",1560,"FL","","327","2017","WS-UCD-ACE-SFBay-2011","W",2011,17,23,"Above Slot","WST00166",1,"DELTA"
"WST00168_2014",2011-10-19,"Suisun_Bay","U",1350,"FL","","139","2014","WS-UCD-ACE-SFBay-2011","C",2011,13,16,"Above Slot","WST00168",1,"DELTA"
"WST00169_2012",2011-10-19,"Suisun_Bay","U",1180,"FL","","343","2012","WS-UCD-ACE-SFBay-2011","BN",2011,11,12,"Fishery","WST00169",2,"DELTA"
"WST00169_2013",2011-10-19,"Suisun_Bay","U",1180,"FL","","179","2013","WS-UCD-ACE-SFBay-2011","D",2011,11,13,"Fishery","WST00169",2,"DELTA"
"WST00172_2012",2011-10-24,"Suisun_Bay","U",1500,"FL","","339","2012","WS-UCD-ACE-SFBay-2011","BN",2011,16,17,"Above Slot","WST00172",4,"DELTA"
"WST00172_2013",2011-10-24,"Suisun_Bay","U",1500,"FL","","213","2013","WS-UCD-ACE-SFBay-2011","D",2011,16,18,"Above Slot","WST00172",4,"DELTA"
"WST00172_2015",2011-10-24,"Suisun_Bay","U",1500,"FL","","282","2015","WS-UCD-ACE-SFBay-2011","C",2011,16,20,"Above Slot","WST00172",4,"DELTA"
"WST00172_2017",2011-10-24,"Suisun_Bay","U",1500,"FL","","331","2017","WS-UCD-ACE-SFBay-2011","W",2011,16,22,"Above Slot","WST00172",4,"DELTA"
"WST00175_2014",2012-03-16,"DWR_YB_Fyke","U",1450,"FL","","248","2014","WS-UCD-YoloBypass-2012","C",2012,15,17,"Above Slot","WST00175",2,"SR"
"WST00175_2015",2012-03-16,"DWR_YB_Fyke","U",1450,"FL","","359","2015","WS-UCD-YoloBypass-2012","C",2012,15,18,"Above Slot","WST00175",2,"SR"
"WST00181_2013",2012-03-16,"DWR_YB_Fyke","U",1790,"FL","","282","2013","WS-UCD-YoloBypass-2012","D",2012,21,22,"Above Slot","WST00181",2,"SR"
"WST00181_2014",2012-03-16,"DWR_YB_Fyke","U",1790,"FL","","210","2014","WS-UCD-YoloBypass-2012","C",2012,21,23,"Above Slot","WST00181",2,"SR"
"WST00182_2015",2012-03-16,"DWR_YB_Fyke","U",1890,"FL","","181","2015","WS-UCD-YoloBypass-2012","C",2012,23,26,"Above Slot","WST00182",1,"SR"
"WST00187_2016",2012-03-19,"DWR_YB_Fyke","U",1770,"FL","","172","2016","WS-UCD-YoloBypass-2012","BN",2012,20,24,"Above Slot","WST00187",2,"SR"
"WST00187_2017",2012-03-19,"DWR_YB_Fyke","U",1770,"FL","","363","2017","WS-UCD-YoloBypass-2012","W",2012,20,25,"Above Slot","WST00187",2,"SR"
"WST00189_2013",2012-03-19,"DWR_YB_Fyke","M",1900,"FL","","360","2013","WS-UCD-YoloBypass-2012","D",2012,23,24,"Above Slot","WST00189",5,"SR"
"WST00189_2014",2012-03-19,"DWR_YB_Fyke","M",1900,"FL","","362","2014","WS-UCD-YoloBypass-2012","C",2012,23,25,"Above Slot","WST00189",5,"SR"
"WST00189_2015",2012-03-19,"DWR_YB_Fyke","M",1900,"FL","","322","2015","WS-UCD-YoloBypass-2012","C",2012,23,26,"Above Slot","WST00189",5,"SR"
"WST00189_2016",2012-03-19,"DWR_YB_Fyke","M",1900,"FL","","359","2016","WS-UCD-YoloBypass-2012","BN",2012,23,27,"Above Slot","WST00189",5,"SR"
"WST00189_2017",2012-03-19,"DWR_YB_Fyke","M",1900,"FL","","343","2017","WS-UCD-YoloBypass-2012","W",2012,23,28,"Above Slot","WST00189",5,"SR"
"WST00191_2014",2012-03-19,"DWR_YB_Fyke","U",1320,"FL","","361","2014","WS-UCD-YoloBypass-2012","C",2012,13,15,"Fishery","WST00191",4,"SR"
"WST00191_2015",2012-03-19,"DWR_YB_Fyke","U",1320,"FL","","364","2015","WS-UCD-YoloBypass-2012","C",2012,13,16,"Above Slot","WST00191",4,"SR"
"WST00191_2016",2012-03-19,"DWR_YB_Fyke","U",1320,"FL","","358","2016","WS-UCD-YoloBypass-2012","BN",2012,13,17,"Above Slot","WST00191",4,"SR"
"WST00191_2017",2012-03-19,"DWR_YB_Fyke","U",1320,"FL","","344","2017","WS-UCD-YoloBypass-2012","W",2012,13,18,"Above Slot","WST00191",4,"SR"
"WST00193_2013",2012-03-19,"DWR_YB_Fyke","U",1700,"FL","","143","2013","WS-UCD-YoloBypass-2012","D",2012,19,20,"Above Slot","WST00193",2,"SR"
"WST00193_2014",2012-03-19,"DWR_YB_Fyke","U",1700,"FL","","58","2014","WS-UCD-YoloBypass-2012","C",2012,19,21,"Above Slot","WST00193",2,"SR"
"WST00194_2013",2012-03-19,"DWR_YB_Fyke","U",1610,"FL","","169","2013","WS-UCD-YoloBypass-2012","D",2012,18,19,"Above Slot","WST00194",1,"SR"
"WST00241_2015",2014-03-06,"DWR_YB_Fyke","F",1920,"FL","","364","2015","Yolo_Bypass_WST_2014","C",2014,23,24,"Above Slot","WST00241",2,"SR"
"WST00241_2016",2014-03-06,"DWR_YB_Fyke","F",1920,"FL","","191","2016","Yolo_Bypass_WST_2014","BN",2014,23,25,"Above Slot","WST00241",2,"SR"
"WST00243_2015",2014-03-06,"DWR_YB_Fyke","M",1630,"FL","","116","2015","Yolo_Bypass_WST_2014","C",2014,18,19,"Above Slot","WST00243",2,"SR"
"WST00243_2016",2014-03-06,"DWR_YB_Fyke","M",1630,"FL","","91","2016","Yolo_Bypass_WST_2014","BN",2014,18,20,"Above Slot","WST00243",2,"SR"
"WST00245_2016",2014-03-06,"DWR_YB_Fyke","M",1180,"FL","","126","2016","Yolo_Bypass_WST_2014","BN",2014,11,13,"Fishery","WST00245",1,"SR"
"WST00246_2015",2014-03-06,"DWR_YB_Fyke","M",1130,"FL","","135","2015","Yolo_Bypass_WST_2014","C",2014,10,11,"Fishery","WST00246",1,"SR"
"WST00250_2016",2014-03-11,"DWR_YB_Fyke","M",1610,"FL","","100","2016","Yolo_Bypass_WST_2014","BN",2014,18,20,"Above Slot","WST00250",1,"SR"
"WST00251_2016",2014-03-11,"DWR_YB_Fyke","M",1290,"FL","","156","2016","Yolo_Bypass_WST_2014","BN",2014,12,14,"Fishery","WST00251",1,"SR"
"WST00259_2015",2014-03-05,"DWR_YB_Fyke","M",1330,"FL","","361","2015","Yolo_Bypass_WST_2014","C",2014,13,14,"Fishery","WST00259",3,"SR"
"WST00259_2016",2014-03-05,"DWR_YB_Fyke","M",1330,"FL","","359","2016","Yolo_Bypass_WST_2014","BN",2014,13,15,"Fishery","WST00259",3,"SR"
"WST00259_2017",2014-03-05,"DWR_YB_Fyke","M",1330,"FL","","357","2017","Yolo_Bypass_WST_2014","W",2014,13,16,"Above Slot","WST00259",3,"SR"
"WST00262_2015",2014-03-05,"DWR_YB_Fyke","M",1580,"FL","","364","2015","Yolo_Bypass_WST_2014","C",2014,17,18,"Above Slot","WST00262",3,"SR"
"WST00262_2016",2014-03-05,"DWR_YB_Fyke","M",1580,"FL","","363","2016","Yolo_Bypass_WST_2014","BN",2014,17,19,"Above Slot","WST00262",3,"SR"
"WST00262_2017",2014-03-05,"DWR_YB_Fyke","M",1580,"FL","","363","2017","Yolo_Bypass_WST_2014","W",2014,17,20,"Above Slot","WST00262",3,"SR"
"WST00263_2015",2014-03-04,"DWR_YB_Fyke","M",1660,"FL","","362","2015","Yolo_Bypass_WST_2014","C",2014,18,19,"Above Slot","WST00263",1,"SR"
